{
    "packages": [
        {
            "name": "guzzlehttp/guzzle",
            "version": "7.4.1",
            "version_normalized": "7.4.1.0",
            "source": {
                "type": "git",
                "url": "https://github.com/guzzle/guzzle.git",
                "reference": "ee0a041b1760e6a53d2a39c8c34115adc2af2c79"
            },
            "dist": {
                "type": "zip",
                "url": "https://api.github.com/repos/guzzle/guzzle/zipball/ee0a041b1760e6a53d2a39c8c34115adc2af2c79",
                "reference": "ee0a041b1760e6a53d2a39c8c34115adc2af2c79",
                "shasum": ""
            },
            "require": {
                "ext-json": "*",
                "guzzlehttp/promises": "^1.5",
                "guzzlehttp/psr7": "^1.8.3 || ^2.1",
                "php": "^7.2.5 || ^8.0",
                "psr/http-client": "^1.0",
                "symfony/deprecation-contracts": "^2.2 || ^3.0"
            },
            "provide": {
                "psr/http-client-implementation": "1.0"
            },
            "require-dev": {
                "bamarni/composer-bin-plugin": "^1.4.1",
                "ext-curl": "*",
                "php-http/client-integration-tests": "^3.0",
                "phpunit/phpunit": "^8.5.5 || ^9.3.5",
                "psr/log": "^1.1 || ^2.0 || ^3.0"
            },
            "suggest": {
                "ext-curl": "Required for CURL handler support",
                "ext-intl": "Required for Internationalized Domain Name (IDN) support",
                "psr/log": "Required for using the Log middleware"
            },
            "time": "2021-12-06T18:43:05+00:00",
            "type": "library",
            "extra": {
                "branch-alias": {
                    "dev-master": "7.4-dev"
                }
            },
            "installation-source": "dist",
            "autoload": {
                "files": [
                    "src/functions_include.php"
                ],
                "psr-4": {
                    "GuzzleHttp\\": "src/"
                }
            },
            "notification-url": "https://packagist.org/downloads/",
            "license": [
                "MIT"
            ],
            "authors": [
                {
                    "name": "Graham Campbell",
                    "email": "hello@gjcampbell.co.uk",
                    "homepage": "https://github.com/GrahamCampbell"
                },
                {
                    "name": "Michael Dowling",
                    "email": "mtdowling@gmail.com",
                    "homepage": "https://github.com/mtdowling"
                },
                {
                    "name": "Jeremy Lindblom",
                    "email": "jeremeamia@gmail.com",
                    "homepage": "https://github.com/jeremeamia"
                },
                {
                    "name": "George Mponos",
                    "email": "gmponos@gmail.com",
                    "homepage": "https://github.com/gmponos"
                },
                {
                    "name": "Tobias Nyholm",
                    "email": "tobias.nyholm@gmail.com",
                    "homepage": "https://github.com/Nyholm"
                },
                {
                    "name": "Márk Sági-Kazár",
                    "email": "mark.sagikazar@gmail.com",
                    "homepage": "https://github.com/sagikazarmark"
                },
                {
                    "name": "Tobias Schultze",
                    "email": "webmaster@tubo-world.de",
                    "homepage": "https://github.com/Tobion"
                }
            ],
            "description": "Guzzle is a PHP HTTP client library",
            "keywords": [
                "client",
                "curl",
                "framework",
                "http",
                "http client",
                "psr-18",
                "psr-7",
                "rest",
                "web service"
            ],
            "support": {
                "issues": "https://github.com/guzzle/guzzle/issues",
                "source": "https://github.com/guzzle/guzzle/tree/7.4.1"
            },
            "funding": [
                {
                    "url": "https://github.com/GrahamCampbell",
                    "type": "github"
                },
                {
                    "url": "https://github.com/Nyholm",
                    "type": "github"
                },
                {
                    "url": "https://tidelift.com/funding/github/packagist/guzzlehttp/guzzle",
                    "type": "tidelift"
                }
            ],
            "install-path": "../guzzlehttp/guzzle"
        },
        {
            "name": "guzzlehttp/promises",
            "version": "1.5.1",
            "version_normalized": "1.5.1.0",
            "source": {
                "type": "git",
                "url": "https://github.com/guzzle/promises.git",
                "reference": "fe752aedc9fd8fcca3fe7ad05d419d32998a06da"
            },
            "dist": {
                "type": "zip",
                "url": "https://api.github.com/repos/guzzle/promises/zipball/fe752aedc9fd8fcca3fe7ad05d419d32998a06da",
                "reference": "fe752aedc9fd8fcca3fe7ad05d419d32998a06da",
                "shasum": ""
            },
            "require": {
                "php": ">=5.5"
            },
            "require-dev": {
                "symfony/phpunit-bridge": "^4.4 || ^5.1"
            },
            "time": "2021-10-22T20:56:57+00:00",
            "type": "library",
            "extra": {
                "branch-alias": {
                    "dev-master": "1.5-dev"
                }
            },
            "installation-source": "dist",
            "autoload": {
                "files": [
                    "src/functions_include.php"
                ],
                "psr-4": {
                    "GuzzleHttp\\Promise\\": "src/"
                }
            },
            "notification-url": "https://packagist.org/downloads/",
            "license": [
                "MIT"
            ],
            "authors": [
                {
                    "name": "Graham Campbell",
                    "email": "hello@gjcampbell.co.uk",
                    "homepage": "https://github.com/GrahamCampbell"
                },
                {
                    "name": "Michael Dowling",
                    "email": "mtdowling@gmail.com",
                    "homepage": "https://github.com/mtdowling"
                },
                {
                    "name": "Tobias Nyholm",
                    "email": "tobias.nyholm@gmail.com",
                    "homepage": "https://github.com/Nyholm"
                },
                {
                    "name": "Tobias Schultze",
                    "email": "webmaster@tubo-world.de",
                    "homepage": "https://github.com/Tobion"
                }
            ],
            "description": "Guzzle promises library",
            "keywords": [
                "promise"
            ],
            "support": {
                "issues": "https://github.com/guzzle/promises/issues",
                "source": "https://github.com/guzzle/promises/tree/1.5.1"
            },
            "funding": [
                {
                    "url": "https://github.com/GrahamCampbell",
                    "type": "github"
                },
                {
                    "url": "https://github.com/Nyholm",
                    "type": "github"
                },
                {
                    "url": "https://tidelift.com/funding/github/packagist/guzzlehttp/promises",
                    "type": "tidelift"
                }
            ],
            "install-path": "../guzzlehttp/promises"
        },
        {
            "name": "guzzlehttp/psr7",
            "version": "2.1.0",
            "version_normalized": "2.1.0.0",
            "source": {
                "type": "git",
                "url": "https://github.com/guzzle/psr7.git",
                "reference": "089edd38f5b8abba6cb01567c2a8aaa47cec4c72"
            },
            "dist": {
                "type": "zip",
                "url": "https://api.github.com/repos/guzzle/psr7/zipball/089edd38f5b8abba6cb01567c2a8aaa47cec4c72",
                "reference": "089edd38f5b8abba6cb01567c2a8aaa47cec4c72",
                "shasum": ""
            },
            "require": {
                "php": "^7.2.5 || ^8.0",
                "psr/http-factory": "^1.0",
                "psr/http-message": "^1.0",
                "ralouphie/getallheaders": "^3.0"
            },
            "provide": {
                "psr/http-factory-implementation": "1.0",
                "psr/http-message-implementation": "1.0"
            },
            "require-dev": {
                "bamarni/composer-bin-plugin": "^1.4.1",
                "http-interop/http-factory-tests": "^0.9",
                "phpunit/phpunit": "^8.5.8 || ^9.3.10"
            },
            "suggest": {
                "laminas/laminas-httphandlerrunner": "Emit PSR-7 responses"
            },
            "time": "2021-10-06T17:43:30+00:00",
            "type": "library",
            "extra": {
                "branch-alias": {
                    "dev-master": "2.1-dev"
                }
            },
            "installation-source": "dist",
            "autoload": {
                "psr-4": {
                    "GuzzleHttp\\Psr7\\": "src/"
                }
            },
            "notification-url": "https://packagist.org/downloads/",
            "license": [
                "MIT"
            ],
            "authors": [
                {
                    "name": "Graham Campbell",
                    "email": "hello@gjcampbell.co.uk",
                    "homepage": "https://github.com/GrahamCampbell"
                },
                {
                    "name": "Michael Dowling",
                    "email": "mtdowling@gmail.com",
                    "homepage": "https://github.com/mtdowling"
                },
                {
                    "name": "George Mponos",
                    "email": "gmponos@gmail.com",
                    "homepage": "https://github.com/gmponos"
                },
                {
                    "name": "Tobias Nyholm",
                    "email": "tobias.nyholm@gmail.com",
                    "homepage": "https://github.com/Nyholm"
                },
                {
                    "name": "Márk Sági-Kazár",
                    "email": "mark.sagikazar@gmail.com",
                    "homepage": "https://github.com/sagikazarmark"
                },
                {
                    "name": "Tobias Schultze",
                    "email": "webmaster@tubo-world.de",
                    "homepage": "https://github.com/Tobion"
                },
                {
                    "name": "Márk Sági-Kazár",
                    "email": "mark.sagikazar@gmail.com",
                    "homepage": "https://sagikazarmark.hu"
                }
            ],
            "description": "PSR-7 message implementation that also provides common utility methods",
            "keywords": [
                "http",
                "message",
                "psr-7",
                "request",
                "response",
                "stream",
                "uri",
                "url"
            ],
            "support": {
                "issues": "https://github.com/guzzle/psr7/issues",
                "source": "https://github.com/guzzle/psr7/tree/2.1.0"
            },
            "funding": [
                {
                    "url": "https://github.com/GrahamCampbell",
                    "type": "github"
                },
                {
                    "url": "https://github.com/Nyholm",
                    "type": "github"
                },
                {
                    "url": "https://tidelift.com/funding/github/packagist/guzzlehttp/psr7",
                    "type": "tidelift"
                }
            ],
            "install-path": "../guzzlehttp/psr7"
        },
        {
            "name": "mailchimp/marketing",
            "version": "3.0.74",
            "version_normalized": "3.0.74.0",
            "source": {
                "type": "git",
                "url": "https://github.com/mailchimp/mailchimp-marketing-php.git",
                "reference": "f9d5f31d1a98262b8cb81020d3ddeac6d9a4a31e"
            },
            "dist": {
                "type": "zip",
                "url": "https://api.github.com/repos/mailchimp/mailchimp-marketing-php/zipball/f9d5f31d1a98262b8cb81020d3ddeac6d9a4a31e",
                "reference": "f9d5f31d1a98262b8cb81020d3ddeac6d9a4a31e",
                "shasum": ""
            },
            "require": {
                "ext-curl": "*",
                "ext-json": "*",
                "ext-mbstring": "*",
                "guzzlehttp/guzzle": "^6.4 || ^7.2",
                "guzzlehttp/psr7": "^1.7 || ^2.0",
                "php": ">=7.2"
            },
            "require-dev": {
                "friendsofphp/php-cs-fixer": "~2.12",
                "phpunit/phpunit": "^7",
                "squizlabs/php_codesniffer": "~2.6"
            },
            "time": "2022-01-24T18:59:15+00:00",
            "type": "library",
            "installation-source": "dist",
            "autoload": {
                "psr-4": {
                    "MailchimpMarketing\\": "lib/"
                }
            },
            "notification-url": "https://packagist.org/downloads/",
            "license": [
                "proprietary"
            ],
            "authors": [
                {
                    "name": "Mailchimp",
                    "homepage": "https://github.com/mailchimp/mailchimp-marketing-php"
                }
            ],
            "homepage": "http://swagger.io",
            "keywords": [
                "api",
                "php",
                "sdk",
                "swagger"
            ],
            "support": {
                "source": "https://github.com/mailchimp/mailchimp-marketing-php/tree/v3.0.74"
            },
            "install-path": "../mailchimp/marketing"
        },
        {
            "name": "psr/http-client",
            "version": "1.0.1",
            "version_normalized": "1.0.1.0",
            "source": {
                "type": "git",
                "url": "https://github.com/php-fig/http-client.git",
                "reference": "2dfb5f6c5eff0e91e20e913f8c5452ed95b86621"
            },
            "dist": {
                "type": "zip",
                "url": "https://api.github.com/repos/php-fig/http-client/zipball/2dfb5f6c5eff0e91e20e913f8c5452ed95b86621",
                "reference": "2dfb5f6c5eff0e91e20e913f8c5452ed95b86621",
                "shasum": ""
            },
            "require": {
                "php": "^7.0 || ^8.0",
                "psr/http-message": "^1.0"
            },
            "time": "2020-06-29T06:28:15+00:00",
            "type": "library",
            "extra": {
                "branch-alias": {
                    "dev-master": "1.0.x-dev"
                }
            },
            "installation-source": "dist",
            "autoload": {
                "psr-4": {
                    "Psr\\Http\\Client\\": "src/"
                }
            },
            "notification-url": "https://packagist.org/downloads/",
            "license": [
                "MIT"
            ],
            "authors": [
                {
                    "name": "PHP-FIG",
                    "homepage": "http://www.php-fig.org/"
                }
            ],
            "description": "Common interface for HTTP clients",
            "homepage": "https://github.com/php-fig/http-client",
            "keywords": [
                "http",
                "http-client",
                "psr",
                "psr-18"
            ],
            "support": {
                "source": "https://github.com/php-fig/http-client/tree/master"
            },
            "install-path": "../psr/http-client"
        },
        {
            "name": "psr/http-factory",
            "version": "1.0.1",
            "version_normalized": "1.0.1.0",
            "source": {
                "type": "git",
                "url": "https://github.com/php-fig/http-factory.git",
                "reference": "12ac7fcd07e5b077433f5f2bee95b3a771bf61be"
            },
            "dist": {
                "type": "zip",
                "url": "https://api.github.com/repos/php-fig/http-factory/zipball/12ac7fcd07e5b077433f5f2bee95b3a771bf61be",
                "reference": "12ac7fcd07e5b077433f5f2bee95b3a771bf61be",
                "shasum": ""
            },
            "require": {
                "php": ">=7.0.0",
                "psr/http-message": "^1.0"
            },
            "time": "2019-04-30T12:38:16+00:00",
            "type": "library",
            "extra": {
                "branch-alias": {
                    "dev-master": "1.0.x-dev"
                }
            },
            "installation-source": "dist",
            "autoload": {
                "psr-4": {
                    "Psr\\Http\\Message\\": "src/"
                }
            },
            "notification-url": "https://packagist.org/downloads/",
            "license": [
                "MIT"
            ],
            "authors": [
                {
                    "name": "PHP-FIG",
                    "homepage": "http://www.php-fig.org/"
                }
            ],
            "description": "Common interfaces for PSR-7 HTTP message factories",
            "keywords": [
                "factory",
                "http",
                "message",
                "psr",
                "psr-17",
                "psr-7",
                "request",
                "response"
            ],
            "support": {
                "source": "https://github.com/php-fig/http-factory/tree/master"
            },
            "install-path": "../psr/http-factory"
        },
        {
            "name": "psr/http-message",
            "version": "1.0.1",
            "version_normalized": "1.0.1.0",
            "source": {
                "type": "git",
                "url": "https://github.com/php-fig/http-message.git",
                "reference": "f6561bf28d520154e4b0ec72be95418abe6d9363"
            },
            "dist": {
                "type": "zip",
                "url": "https://api.github.com/repos/php-fig/http-message/zipball/f6561bf28d520154e4b0ec72be95418abe6d9363",
                "reference": "f6561bf28d520154e4b0ec72be95418abe6d9363",
                "shasum": ""
            },
            "require": {
                "php": ">=5.3.0"
            },
            "time": "2016-08-06T14:39:51+00:00",
            "type": "library",
            "extra": {
                "branch-alias": {
                    "dev-master": "1.0.x-dev"
                }
            },
            "installation-source": "dist",
            "autoload": {
                "psr-4": {
                    "Psr\\Http\\Message\\": "src/"
                }
            },
            "notification-url": "https://packagist.org/downloads/",
            "license": [
                "MIT"
            ],
            "authors": [
                {
                    "name": "PHP-FIG",
                    "homepage": "http://www.php-fig.org/"
                }
            ],
            "description": "Common interface for HTTP messages",
            "homepage": "https://github.com/php-fig/http-message",
            "keywords": [
                "http",
                "http-message",
                "psr",
                "psr-7",
                "request",
                "response"
            ],
            "support": {
                "source": "https://github.com/php-fig/http-message/tree/master"
            },
            "install-path": "../psr/http-message"
        },
        {
            "name": "ralouphie/getallheaders",
            "version": "3.0.3",
            "version_normalized": "3.0.3.0",
            "source": {
                "type": "git",
                "url": "https://github.com/ralouphie/getallheaders.git",
                "reference": "120b605dfeb996808c31b6477290a714d356e822"
            },
            "dist": {
                "type": "zip",
                "url": "https://api.github.com/repos/ralouphie/getallheaders/zipball/120b605dfeb996808c31b6477290a714d356e822",
                "reference": "120b605dfeb996808c31b6477290a714d356e822",
                "shasum": ""
            },
            "require": {
                "php": ">=5.6"
            },
            "require-dev": {
                "php-coveralls/php-coveralls": "^2.1",
                "phpunit/phpunit": "^5 || ^6.5"
            },
            "time": "2019-03-08T08:55:37+00:00",
            "type": "library",
            "installation-source": "dist",
            "autoload": {
                "files": [
                    "src/getallheaders.php"
                ]
            },
            "notification-url": "https://packagist.org/downloads/",
            "license": [
                "MIT"
            ],
            "authors": [
                {
                    "name": "Ralph Khattar",
                    "email": "ralph.khattar@gmail.com"
                }
            ],
            "description": "A polyfill for getallheaders.",
            "support": {
                "issues": "https://github.com/ralouphie/getallheaders/issues",
                "source": "https://github.com/ralouphie/getallheaders/tree/develop"
            },
            "install-path": "../ralouphie/getallheaders"
        },
        {
            "name": "symfony/deprecation-contracts",
            "version": "v2.5.0",
            "version_normalized": "2.5.0.0",
            "source": {
                "type": "git",
                "url": "https://github.com/symfony/deprecation-contracts.git",
                "reference": "6f981ee24cf69ee7ce9736146d1c57c2780598a8"
            },
            "dist": {
                "type": "zip",
                "url": "https://api.github.com/repos/symfony/deprecation-contracts/zipball/6f981ee24cf69ee7ce9736146d1c57c2780598a8",
                "reference": "6f981ee24cf69ee7ce9736146d1c57c2780598a8",
                "shasum": ""
            },
            "require": {
                "php": ">=7.1"
            },
            "time": "2021-07-12T14:48:14+00:00",
            "type": "library",
            "extra": {
                "branch-alias": {
                    "dev-main": "2.5-dev"
                },
                "thanks": {
                    "name": "symfony/contracts",
                    "url": "https://github.com/symfony/contracts"
                }
            },
            "installation-source": "dist",
            "autoload": {
                "files": [
                    "function.php"
                ]
            },
            "notification-url": "https://packagist.org/downloads/",
            "license": [
                "MIT"
            ],
            "authors": [
                {
                    "name": "Nicolas Grekas",
                    "email": "p@tchwork.com"
                },
                {
                    "name": "Symfony Community",
                    "homepage": "https://symfony.com/contributors"
                }
            ],
            "description": "A generic function and convention to trigger deprecation notices",
            "homepage": "https://symfony.com",
            "support": {
                "source": "https://github.com/symfony/deprecation-contracts/tree/v2.5.0"
            },
            "funding": [
                {
                    "url": "https://symfony.com/sponsor",
                    "type": "custom"
                },
                {
                    "url": "https://github.com/fabpot",
                    "type": "github"
                },
                {
                    "url": "https://tidelift.com/funding/github/packagist/symfony/symfony",
                    "type": "tidelift"
                }
            ],
            "install-path": "../symfony/deprecation-contracts"
        }
    ],
    "dev": true,
    "dev-package-names": []
}
