<?xml version="1.0" encoding="utf-8" ?>
<dwsync>
<file name="BadResponseException.php" server="144.48.36.115/public_html/AllOtherSites/pro.speakout.123host.net.au/wp-content/plugins/speakout/" local="133148434900000000" remote="133204646400000000" Dst="0" />
<file name="ClientException.php" server="144.48.36.115/public_html/AllOtherSites/pro.speakout.123host.net.au/wp-content/plugins/speakout/" local="133148434900000000" remote="133204646400000000" Dst="0" />
<file name="ConnectException.php" server="144.48.36.115/public_html/AllOtherSites/pro.speakout.123host.net.au/wp-content/plugins/speakout/" local="133148434900000000" remote="133204646400000000" Dst="0" />
<file name="GuzzleException.php" server="144.48.36.115/public_html/AllOtherSites/pro.speakout.123host.net.au/wp-content/plugins/speakout/" local="133148434900000000" remote="133204646400000000" Dst="0" />
<file name="InvalidArgumentException.php" server="144.48.36.115/public_html/AllOtherSites/pro.speakout.123host.net.au/wp-content/plugins/speakout/" local="133148434900000000" remote="133204646400000000" Dst="0" />
<file name="ServerException.php" server="144.48.36.115/public_html/AllOtherSites/pro.speakout.123host.net.au/wp-content/plugins/speakout/" local="133148434900000000" remote="133204646400000000" Dst="0" />
<file name="RequestException.php" server="144.48.36.115/public_html/AllOtherSites/pro.speakout.123host.net.au/wp-content/plugins/speakout/" local="133148434900000000" remote="133204646400000000" Dst="0" />
<file name="TooManyRedirectsException.php" server="144.48.36.115/public_html/AllOtherSites/pro.speakout.123host.net.au/wp-content/plugins/speakout/" local="133148434900000000" remote="133204646400000000" Dst="0" />
<file name="TransferException.php" server="144.48.36.115/public_html/AllOtherSites/pro.speakout.123host.net.au/wp-content/plugins/speakout/" local="133148434900000000" remote="133204646400000000" Dst="0" />
</dwsync>