<?xml version="1.0" encoding="utf-8" ?>
<dwsync>
<file name=".php_cs" server="144.48.36.115/public_html/AllOtherSites/pro.speakout.123host.net.au/wp-content/plugins/speakout/" local="133148434900000000" remote="133204646400000000" Dst="0" />
<file name=".travis.yml" server="144.48.36.115/public_html/AllOtherSites/pro.speakout.123host.net.au/wp-content/plugins/speakout/" local="133148434900000000" remote="133204646400000000" Dst="0" />
<file name="CHANGELOG.md" server="144.48.36.115/public_html/AllOtherSites/pro.speakout.123host.net.au/wp-content/plugins/speakout/" local="133148434900000000" remote="133204646400000000" Dst="0" />
<file name="composer.json" server="144.48.36.115/public_html/AllOtherSites/pro.speakout.123host.net.au/wp-content/plugins/speakout/" local="133148434900000000" remote="133204646400000000" Dst="0" />
<file name="git_push.sh" server="144.48.36.115/public_html/AllOtherSites/pro.speakout.123host.net.au/wp-content/plugins/speakout/" local="133148434900000000" remote="133204646400000000" Dst="0" />
<file name="LICENSE" server="144.48.36.115/public_html/AllOtherSites/pro.speakout.123host.net.au/wp-content/plugins/speakout/" local="133148434900000000" remote="133204646400000000" Dst="0" />
<file name="phpunit.xml.dist" server="144.48.36.115/public_html/AllOtherSites/pro.speakout.123host.net.au/wp-content/plugins/speakout/" local="133148434900000000" remote="133204646400000000" Dst="0" />
<file name="README.md" server="144.48.36.115/public_html/AllOtherSites/pro.speakout.123host.net.au/wp-content/plugins/speakout/" local="133148434900000000" remote="133204646400000000" Dst="0" />
</dwsync>