<?xml version="1.0" encoding="utf-8" ?>
<dwsync>
<file name="CurlFactory.php" server="144.48.36.115/public_html/AllOtherSites/pro.speakout.123host.net.au/wp-content/plugins/speakout/" local="133148434900000000" remote="133204646400000000" Dst="0" />
<file name="CurlFactoryInterface.php" server="144.48.36.115/public_html/AllOtherSites/pro.speakout.123host.net.au/wp-content/plugins/speakout/" local="133148434900000000" remote="133204646400000000" Dst="0" />
<file name="CurlHandler.php" server="144.48.36.115/public_html/AllOtherSites/pro.speakout.123host.net.au/wp-content/plugins/speakout/" local="133148434900000000" remote="133204646400000000" Dst="0" />
<file name="CurlMultiHandler.php" server="144.48.36.115/public_html/AllOtherSites/pro.speakout.123host.net.au/wp-content/plugins/speakout/" local="133148434900000000" remote="133204646400000000" Dst="0" />
<file name="EasyHandle.php" server="144.48.36.115/public_html/AllOtherSites/pro.speakout.123host.net.au/wp-content/plugins/speakout/" local="133148434900000000" remote="133204646400000000" Dst="0" />
<file name="HeaderProcessor.php" server="144.48.36.115/public_html/AllOtherSites/pro.speakout.123host.net.au/wp-content/plugins/speakout/" local="133148434900000000" remote="133204646400000000" Dst="0" />
<file name="MockHandler.php" server="144.48.36.115/public_html/AllOtherSites/pro.speakout.123host.net.au/wp-content/plugins/speakout/" local="133148434900000000" remote="133204646400000000" Dst="0" />
<file name="Proxy.php" server="144.48.36.115/public_html/AllOtherSites/pro.speakout.123host.net.au/wp-content/plugins/speakout/" local="133148434900000000" remote="133204646400000000" Dst="0" />
<file name="StreamHandler.php" server="144.48.36.115/public_html/AllOtherSites/pro.speakout.123host.net.au/wp-content/plugins/speakout/" local="133148434900000000" remote="133204646400000000" Dst="0" />
</dwsync>